Assembly,rs,chip_name,ss,alleles,orient,strand,sender,SNPname_sender,chromosome,position,SNP_name
Bos_taurus_UMD_3.1,rs133696268,IlluHD,ss250608777,A/C,forward,top,BFGL_BARC_USDA,BovineHD0100000005,1,16947,BovineHD0100000005
Bos_taurus_UMD_3.1,rs133696268,AffyHD,NULL,NULL,NULL,NULL,NULL,NULL,1,16947,AX-18000040
Bos_taurus_UMD_3.1,rs132895573,IlluHD,ss250608779,A/G,forward,top,BFGL_BARC_USDA,BovineHD0100000015,1,36337,BovineHD0100000015
Bos_taurus_UMD_3.1,rs208669904,AffyHD,NULL,NULL,NULL,NULL,NULL,NULL,1,36440,AX-18000110
Bos_taurus_UMD_3.1,rs207488771,AffyHD,NULL,NULL,NULL,NULL,NULL,NULL,1,44423,AX-18000129
Bos_taurus_UMD_3.1,rs137399491,IlluHD,ss250608781,A/G,forward,top,BFGL_BARC_USDA,BovineHD0100000024,1,67130,BovineHD0100000024
Bos_taurus_UMD_3.1,rs137399491,77k,ss250608781,A/G,forward,top,BFGL_BARC_USDA,BovineHD0100000024,1,67130,BovineHD0100000024
Bos_taurus_UMD_3.1,rs132839889,IlluHD,ss250608782,A/G,forward,top,BFGL_BARC_USDA,BovineHD0100000026,1,78655,BovineHD0100000026
Bos_taurus_UMD_3.1,rs137144068,IlluHD,ss250608783,A/G,forward,top,BFGL_BARC_USDA,BovineHD0100000027,1,83412,BovineHD0100000027
